8.00000000E+09, -1.23207298E+01,  0.00000000E+00
8.00500000E+09, -1.21992201E+01,  0.00000000E+00
8.01000000E+09, -1.21779169E+01,  0.00000000E+00
8.01500000E+09, -1.21588269E+01,  0.00000000E+00
8.02000000E+09, -1.21350838E+01,  0.00000000E+00
8.02500000E+09, -1.20810150E+01,  0.00000000E+00
8.03000000E+09, -1.20206206E+01,  0.00000000E+00
8.03500000E+09, -1.19668851E+01,  0.00000000E+00
8.04000000E+09, -1.19498728E+01,  0.00000000E+00
8.04500000E+09, -1.18986788E+01,  0.00000000E+00
8.05000000E+09, -1.17885257E+01,  0.00000000E+00
8.05500000E+09, -1.17196747E+01,  0.00000000E+00
8.06000000E+09, -1.17388047E+01,  0.00000000E+00
8.06500000E+09, -1.16938065E+01,  0.00000000E+00
8.07000000E+09, -1.16637466E+01,  0.00000000E+00
8.07500000E+09, -1.15497634E+01,  0.00000000E+00
8.08000000E+09, -1.15144705E+01,  0.00000000E+00
8.08500000E+09, -1.14752692E+01,  0.00000000E+00
8.09000000E+09, -1.14564757E+01,  0.00000000E+00
8.09500000E+09, -1.13886469E+01,  0.00000000E+00
8.10000000E+09, -1.13594505E+01,  0.00000000E+00
8.10500000E+09, -1.12339467E+01,  0.00000000E+00
8.11000000E+09, -1.12841395E+01,  0.00000000E+00
8.11500000E+09, -1.12027391E+01,  0.00000000E+00
8.12000000E+09, -1.11253608E+01,  0.00000000E+00
8.12500000E+09, -1.10759206E+01,  0.00000000E+00
8.13000000E+09, -1.10818504E+01,  0.00000000E+00
8.13500000E+09, -1.10064262E+01,  0.00000000E+00
8.14000000E+09, -1.09337712E+01,  0.00000000E+00
8.14500000E+09, -1.08779691E+01,  0.00000000E+00
8.15000000E+09, -1.08403631E+01,  0.00000000E+00
8.15500000E+09, -1.07003090E+01,  0.00000000E+00
8.16000000E+09, -1.06531270E+01,  0.00000000E+00
8.16500000E+09, -1.05994686E+01,  0.00000000E+00
8.17000000E+09, -1.05460391E+01,  0.00000000E+00
8.17500000E+09, -1.05219266E+01,  0.00000000E+00
8.18000000E+09, -1.04687573E+01,  0.00000000E+00
8.18500000E+09, -1.04673091E+01,  0.00000000E+00
8.19000000E+09, -1.03455828E+01,  0.00000000E+00
8.19500000E+09, -1.02515368E+01,  0.00000000E+00
8.20000000E+09, -1.02141185E+01,  0.00000000E+00
8.20500000E+09, -1.01482257E+01,  0.00000000E+00
8.21000000E+09, -1.01305465E+01,  0.00000000E+00
8.21500000E+09, -1.00287299E+01,  0.00000000E+00
8.22000000E+09, -1.00274019E+01,  0.00000000E+00
8.22500000E+09, -9.99322791E+00,  0.00000000E+00
8.23000000E+09, -9.87022347E+00,  0.00000000E+00
8.23500000E+09, -9.81399780E+00,  0.00000000E+00
8.24000000E+09, -9.73197428E+00,  0.00000000E+00
8.24500000E+09, -9.69998782E+00,  0.00000000E+00
8.25000000E+09, -9.59089536E+00,  0.00000000E+00
8.25500000E+09, -9.59100364E+00,  0.00000000E+00
8.26000000E+09, -9.45837757E+00,  0.00000000E+00
8.26500000E+09, -9.45266087E+00,  0.00000000E+00
8.27000000E+09, -9.35895356E+00,  0.00000000E+00
8.27500000E+09, -9.25195903E+00,  0.00000000E+00
8.28000000E+09, -9.29187008E+00,  0.00000000E+00
8.28500000E+09, -9.17952660E+00,  0.00000000E+00
8.29000000E+09, -9.13151517E+00,  0.00000000E+00
8.29500000E+09, -9.03102388E+00,  0.00000000E+00
8.30000000E+09, -9.05349810E+00,  0.00000000E+00
8.30500000E+09, -8.92498073E+00,  0.00000000E+00
8.31000000E+09, -8.86602932E+00,  0.00000000E+00
8.31500000E+09, -8.75825395E+00,  0.00000000E+00
8.32000000E+09, -8.80580269E+00,  0.00000000E+00
8.32500000E+09, -8.75002463E+00,  0.00000000E+00
8.33000000E+09, -8.62396899E+00,  0.00000000E+00
8.33500000E+09, -8.57912788E+00,  0.00000000E+00
8.34000000E+09, -8.53422751E+00,  0.00000000E+00
8.34500000E+09, -8.40926111E+00,  0.00000000E+00
8.35000000E+09, -8.34492025E+00,  0.00000000E+00
8.35500000E+09, -8.31081391E+00,  0.00000000E+00
8.36000000E+09, -8.27112810E+00,  0.00000000E+00
8.36500000E+09, -8.15544458E+00,  0.00000000E+00
8.37000000E+09, -8.10671718E+00,  0.00000000E+00
8.37500000E+09, -7.99784304E+00,  0.00000000E+00
8.38000000E+09, -7.99394259E+00,  0.00000000E+00
8.38500000E+09, -7.93436849E+00,  0.00000000E+00
8.39000000E+09, -7.87216832E+00,  0.00000000E+00
8.39500000E+09, -7.77287147E+00,  0.00000000E+00
8.40000000E+09, -7.72759639E+00,  0.00000000E+00
8.40500000E+09, -7.61011589E+00,  0.00000000E+00
8.41000000E+09, -7.63849568E+00,  0.00000000E+00
8.41500000E+09, -7.50028124E+00,  0.00000000E+00
8.42000000E+09, -7.50012993E+00,  0.00000000E+00
8.42500000E+09, -7.42797402E+00,  0.00000000E+00
8.43000000E+09, -7.33141970E+00,  0.00000000E+00
8.43500000E+09, -7.27742636E+00,  0.00000000E+00
8.44000000E+09, -7.22441007E+00,  0.00000000E+00
8.44500000E+09, -7.16633350E+00,  0.00000000E+00
8.45000000E+09, -7.11319835E+00,  0.00000000E+00
8.45500000E+09, -7.10798016E+00,  0.00000000E+00
8.46000000E+09, -6.99668793E+00,  0.00000000E+00
8.46500000E+09, -6.88501118E+00,  0.00000000E+00
8.47000000E+09, -6.93438830E+00,  0.00000000E+00
8.47500000E+09, -6.79273374E+00,  0.00000000E+00
8.48000000E+09, -6.75877682E+00,  0.00000000E+00
8.48500000E+09, -6.73538523E+00,  0.00000000E+00
8.49000000E+09, -6.66831449E+00,  0.00000000E+00
8.49500000E+09, -6.56321319E+00,  0.00000000E+00
8.50000000E+09, -6.54119155E+00,  0.00000000E+00
8.50500000E+09, -6.52220435E+00,  0.00000000E+00
8.51000000E+09, -6.46166624E+00,  0.00000000E+00
8.51500000E+09, -6.37626581E+00,  0.00000000E+00
8.52000000E+09, -6.28399198E+00,  0.00000000E+00
8.52500000E+09, -6.26579947E+00,  0.00000000E+00
8.53000000E+09, -6.20308442E+00,  0.00000000E+00
8.53500000E+09, -6.18204360E+00,  0.00000000E+00
8.54000000E+09, -6.16919926E+00,  0.00000000E+00
8.54500000E+09, -6.13050710E+00,  0.00000000E+00
8.55000000E+09, -6.02367511E+00,  0.00000000E+00
8.55500000E+09, -6.01814900E+00,  0.00000000E+00
8.56000000E+09, -5.94749854E+00,  0.00000000E+00
8.56500000E+09, -5.91586920E+00,  0.00000000E+00
8.57000000E+09, -5.82631728E+00,  0.00000000E+00
8.57500000E+09, -5.84313236E+00,  0.00000000E+00
8.58000000E+09, -5.80427611E+00,  0.00000000E+00
8.58500000E+09, -5.80978227E+00,  0.00000000E+00
8.59000000E+09, -5.69115855E+00,  0.00000000E+00
8.59500000E+09, -5.70715668E+00,  0.00000000E+00
8.60000000E+09, -5.70708640E+00,  0.00000000E+00
8.60500000E+09, -5.61568922E+00,  0.00000000E+00
8.61000000E+09, -5.60712454E+00,  0.00000000E+00
8.61500000E+09, -5.56697054E+00,  0.00000000E+00
8.62000000E+09, -5.52163252E+00,  0.00000000E+00
8.62500000E+09, -5.52105730E+00,  0.00000000E+00
8.63000000E+09, -5.46369585E+00,  0.00000000E+00
8.63500000E+09, -5.46957518E+00,  0.00000000E+00
8.64000000E+09, -5.42141392E+00,  0.00000000E+00
8.64500000E+09, -5.39850128E+00,  0.00000000E+00
8.65000000E+09, -5.39616205E+00,  0.00000000E+00
8.65500000E+09, -5.36520695E+00,  0.00000000E+00
8.66000000E+09, -5.37943480E+00,  0.00000000E+00
8.66500000E+09, -5.38671111E+00,  0.00000000E+00
8.67000000E+09, -5.38612638E+00,  0.00000000E+00
8.67500000E+09, -5.44758347E+00,  0.00000000E+00
8.68000000E+09, -5.36000439E+00,  0.00000000E+00
8.68500000E+09, -5.36070097E+00,  0.00000000E+00
8.69000000E+09, -5.38547664E+00,  0.00000000E+00
8.69500000E+09, -5.34908417E+00,  0.00000000E+00
8.70000000E+09, -5.38954769E+00,  0.00000000E+00
8.70500000E+09, -5.37300868E+00,  0.00000000E+00
8.71000000E+09, -5.38278388E+00,  0.00000000E+00
8.71500000E+09, -5.39250838E+00,  0.00000000E+00
8.72000000E+09, -5.38666156E+00,  0.00000000E+00
8.72500000E+09, -5.40468141E+00,  0.00000000E+00
8.73000000E+09, -5.40688913E+00,  0.00000000E+00
8.73500000E+09, -5.40284060E+00,  0.00000000E+00
8.74000000E+09, -5.49322491E+00,  0.00000000E+00
8.74500000E+09, -5.51493688E+00,  0.00000000E+00
8.75000000E+09, -5.46481571E+00,  0.00000000E+00
8.75500000E+09, -5.51560587E+00,  0.00000000E+00
8.76000000E+09, -5.59021085E+00,  0.00000000E+00
8.76500000E+09, -5.62768601E+00,  0.00000000E+00
8.77000000E+09, -5.56422553E+00,  0.00000000E+00
8.77500000E+09, -5.60606015E+00,  0.00000000E+00
8.78000000E+09, -5.66400528E+00,  0.00000000E+00
8.78500000E+09, -5.66435375E+00,  0.00000000E+00
8.79000000E+09, -5.63714405E+00,  0.00000000E+00
8.79500000E+09, -5.69168304E+00,  0.00000000E+00
8.80000000E+09, -5.79514167E+00,  0.00000000E+00
8.80500000E+09, -5.83296598E+00,  0.00000000E+00
8.81000000E+09, -5.82681116E+00,  0.00000000E+00
8.81500000E+09, -5.87600885E+00,  0.00000000E+00
8.82000000E+09, -5.92830234E+00,  0.00000000E+00
8.82500000E+09, -5.93703356E+00,  0.00000000E+00
8.83000000E+09, -5.99715753E+00,  0.00000000E+00
8.83500000E+09, -6.10612503E+00,  0.00000000E+00
8.84000000E+09, -6.02535895E+00,  0.00000000E+00
8.84500000E+09, -6.07532805E+00,  0.00000000E+00
8.85000000E+09, -6.14376443E+00,  0.00000000E+00
8.85500000E+09, -6.19136474E+00,  0.00000000E+00
8.86000000E+09, -6.30032645E+00,  0.00000000E+00
8.86500000E+09, -6.26292016E+00,  0.00000000E+00
8.87000000E+09, -6.33527411E+00,  0.00000000E+00
8.87500000E+09, -6.41777482E+00,  0.00000000E+00
8.88000000E+09, -6.42377500E+00,  0.00000000E+00
8.88500000E+09, -6.43314704E+00,  0.00000000E+00
8.89000000E+09, -6.54071496E+00,  0.00000000E+00
8.89500000E+09, -6.51574438E+00,  0.00000000E+00
8.90000000E+09, -6.57562171E+00,  0.00000000E+00
8.90500000E+09, -6.65912207E+00,  0.00000000E+00
8.91000000E+09, -6.68195087E+00,  0.00000000E+00
8.91500000E+09, -6.73038945E+00,  0.00000000E+00
8.92000000E+09, -6.75041697E+00,  0.00000000E+00
8.92500000E+09, -6.83729054E+00,  0.00000000E+00
8.93000000E+09, -6.85408413E+00,  0.00000000E+00
8.93500000E+09, -6.87495003E+00,  0.00000000E+00
8.94000000E+09, -6.97595214E+00,  0.00000000E+00
8.94500000E+09, -6.97826362E+00,  0.00000000E+00
8.95000000E+09, -7.05819785E+00,  0.00000000E+00
8.95500000E+09, -7.07061368E+00,  0.00000000E+00
8.96000000E+09, -7.20274972E+00,  0.00000000E+00
8.96500000E+09, -7.20068249E+00,  0.00000000E+00
8.97000000E+09, -7.27521207E+00,  0.00000000E+00
8.97500000E+09, -7.34545123E+00,  0.00000000E+00
8.98000000E+09, -7.35385911E+00,  0.00000000E+00
8.98500000E+09, -7.36047764E+00,  0.00000000E+00
8.99000000E+09, -7.41710877E+00,  0.00000000E+00
8.99500000E+09, -7.48546731E+00,  0.00000000E+00
9.00000000E+09, -7.56719512E+00,  0.00000000E+00
9.00500000E+09, -7.62004246E+00,  0.00000000E+00
9.01000000E+09, -7.65916394E+00,  0.00000000E+00
9.01500000E+09, -7.60088367E+00,  0.00000000E+00
9.02000000E+09, -7.76432510E+00,  0.00000000E+00
9.02500000E+09, -7.72771550E+00,  0.00000000E+00
9.03000000E+09, -7.84477788E+00,  0.00000000E+00
9.03500000E+09, -7.85005029E+00,  0.00000000E+00
9.04000000E+09, -7.92437073E+00,  0.00000000E+00
9.04500000E+09, -7.93624775E+00,  0.00000000E+00
9.05000000E+09, -8.12565320E+00,  0.00000000E+00
9.05500000E+09, -8.03859743E+00,  0.00000000E+00
9.06000000E+09, -8.24092693E+00,  0.00000000E+00
9.06500000E+09, -8.14749472E+00,  0.00000000E+00
9.07000000E+09, -8.21677889E+00,  0.00000000E+00
9.07500000E+09, -8.21973986E+00,  0.00000000E+00
9.08000000E+09, -8.33605458E+00,  0.00000000E+00
9.08500000E+09, -8.29867455E+00,  0.00000000E+00
9.09000000E+09, -8.49085637E+00,  0.00000000E+00
9.09500000E+09, -8.51179865E+00,  0.00000000E+00
9.10000000E+09, -8.49055590E+00,  0.00000000E+00
9.10500000E+09, -8.51209261E+00,  0.00000000E+00
9.11000000E+09, -8.62054518E+00,  0.00000000E+00
9.11500000E+09, -8.69529208E+00,  0.00000000E+00
9.12000000E+09, -8.79114672E+00,  0.00000000E+00
9.12500000E+09, -8.78361243E+00,  0.00000000E+00
9.13000000E+09, -8.92212864E+00,  0.00000000E+00
9.13500000E+09, -8.94146422E+00,  0.00000000E+00
9.14000000E+09, -8.91416943E+00,  0.00000000E+00
9.14500000E+09, -9.02502535E+00,  0.00000000E+00
9.15000000E+09, -9.11090456E+00,  0.00000000E+00
9.15500000E+09, -9.10517128E+00,  0.00000000E+00
9.16000000E+09, -9.24550557E+00,  0.00000000E+00
9.16500000E+09, -9.24688463E+00,  0.00000000E+00
9.17000000E+09, -9.28545874E+00,  0.00000000E+00
9.17500000E+09, -9.35925581E+00,  0.00000000E+00
9.18000000E+09, -9.48104986E+00,  0.00000000E+00
9.18500000E+09, -9.56141460E+00,  0.00000000E+00
9.19000000E+09, -9.68415226E+00,  0.00000000E+00
9.19500000E+09, -9.64395643E+00,  0.00000000E+00
9.20000000E+09, -9.75392662E+00,  0.00000000E+00
9.20500000E+09, -9.83602868E+00,  0.00000000E+00
9.21000000E+09, -9.92359234E+00,  0.00000000E+00
9.21500000E+09, -1.00284979E+01,  0.00000000E+00
9.22000000E+09, -1.00757415E+01,  0.00000000E+00
9.22500000E+09, -1.01987685E+01,  0.00000000E+00
9.23000000E+09, -1.03482195E+01,  0.00000000E+00
9.23500000E+09, -1.03875712E+01,  0.00000000E+00
9.24000000E+09, -1.05142857E+01,  0.00000000E+00
9.24500000E+09, -1.05260733E+01,  0.00000000E+00
9.25000000E+09, -1.06788716E+01,  0.00000000E+00
9.25500000E+09, -1.08026563E+01,  0.00000000E+00
9.26000000E+09, -1.09469847E+01,  0.00000000E+00
9.26500000E+09, -1.10331504E+01,  0.00000000E+00
9.27000000E+09, -1.10814463E+01,  0.00000000E+00
9.27500000E+09, -1.13098944E+01,  0.00000000E+00
9.28000000E+09, -1.14498831E+01,  0.00000000E+00
9.28500000E+09, -1.15428764E+01,  0.00000000E+00
9.29000000E+09, -1.15882324E+01,  0.00000000E+00
9.29500000E+09, -1.18079055E+01,  0.00000000E+00
9.30000000E+09, -1.19703517E+01,  0.00000000E+00
9.30500000E+09, -1.20475307E+01,  0.00000000E+00
9.31000000E+09, -1.22275574E+01,  0.00000000E+00
9.31500000E+09, -1.24073554E+01,  0.00000000E+00
9.32000000E+09, -1.25527411E+01,  0.00000000E+00
9.32500000E+09, -1.27707040E+01,  0.00000000E+00
9.33000000E+09, -1.29146461E+01,  0.00000000E+00
9.33500000E+09, -1.31548140E+01,  0.00000000E+00
9.34000000E+09, -1.33590669E+01,  0.00000000E+00
9.34500000E+09, -1.35037333E+01,  0.00000000E+00
9.35000000E+09, -1.36883081E+01,  0.00000000E+00
9.35500000E+09, -1.39287114E+01,  0.00000000E+00
9.36000000E+09, -1.41455375E+01,  0.00000000E+00
9.36500000E+09, -1.43857343E+01,  0.00000000E+00
9.37000000E+09, -1.45551703E+01,  0.00000000E+00
9.37500000E+09, -1.48172674E+01,  0.00000000E+00
9.38000000E+09, -1.51189409E+01,  0.00000000E+00
9.38500000E+09, -1.53638874E+01,  0.00000000E+00
9.39000000E+09, -1.56948011E+01,  0.00000000E+00
9.39500000E+09, -1.59081038E+01,  0.00000000E+00
9.40000000E+09, -1.61860392E+01,  0.00000000E+00
9.40500000E+09, -1.64749029E+01,  0.00000000E+00
9.41000000E+09, -1.68171404E+01,  0.00000000E+00
9.41500000E+09, -1.71709564E+01,  0.00000000E+00
9.42000000E+09, -1.75031525E+01,  0.00000000E+00
9.42500000E+09, -1.79108071E+01,  0.00000000E+00
9.43000000E+09, -1.81138146E+01,  0.00000000E+00
9.43500000E+09, -1.86152844E+01,  0.00000000E+00
9.44000000E+09, -1.89915202E+01,  0.00000000E+00
9.44500000E+09, -1.94268603E+01,  0.00000000E+00
9.45000000E+09, -1.97667705E+01,  0.00000000E+00
9.45500000E+09, -2.02357039E+01,  0.00000000E+00
9.46000000E+09, -2.07702207E+01,  0.00000000E+00
9.46500000E+09, -2.13127763E+01,  0.00000000E+00
9.47000000E+09, -2.18021148E+01,  0.00000000E+00
9.47500000E+09, -2.23607482E+01,  0.00000000E+00
9.48000000E+09, -2.28600301E+01,  0.00000000E+00
9.48500000E+09, -2.35930514E+01,  0.00000000E+00
9.49000000E+09, -2.43727246E+01,  0.00000000E+00
9.49500000E+09, -2.50026767E+01,  0.00000000E+00
9.50000000E+09, -2.57449648E+01,  0.00000000E+00
9.50500000E+09, -2.67487714E+01,  0.00000000E+00
9.51000000E+09, -2.74826847E+01,  0.00000000E+00
9.51500000E+09, -2.83961476E+01,  0.00000000E+00
9.52000000E+09, -2.93513499E+01,  0.00000000E+00
9.52500000E+09, -3.03012911E+01,  0.00000000E+00
9.53000000E+09, -3.12698959E+01,  0.00000000E+00
9.53500000E+09, -3.22926697E+01,  0.00000000E+00
9.54000000E+09, -3.31002808E+01,  0.00000000E+00
9.54500000E+09, -3.31664576E+01,  0.00000000E+00
9.55000000E+09, -3.32900980E+01,  0.00000000E+00
9.55500000E+09, -3.27502443E+01,  0.00000000E+00
9.56000000E+09, -3.16732268E+01,  0.00000000E+00
9.56500000E+09, -3.06960685E+01,  0.00000000E+00
9.57000000E+09, -2.97030553E+01,  0.00000000E+00
9.57500000E+09, -2.87471574E+01,  0.00000000E+00
9.58000000E+09, -2.77819477E+01,  0.00000000E+00
9.58500000E+09, -2.69599880E+01,  0.00000000E+00
9.59000000E+09, -2.61452585E+01,  0.00000000E+00
9.59500000E+09, -2.52879600E+01,  0.00000000E+00
9.60000000E+09, -2.46425910E+01,  0.00000000E+00
9.60500000E+09, -2.41429939E+01,  0.00000000E+00
9.61000000E+09, -2.34449213E+01,  0.00000000E+00
9.61500000E+09, -2.27920197E+01,  0.00000000E+00
9.62000000E+09, -2.22128884E+01,  0.00000000E+00
9.62500000E+09, -2.18184278E+01,  0.00000000E+00
9.63000000E+09, -2.12628445E+01,  0.00000000E+00
9.63500000E+09, -2.07552918E+01,  0.00000000E+00
9.64000000E+09, -2.03550454E+01,  0.00000000E+00
9.64500000E+09, -1.99304968E+01,  0.00000000E+00
9.65000000E+09, -1.94276078E+01,  0.00000000E+00
9.65500000E+09, -1.90475363E+01,  0.00000000E+00
9.66000000E+09, -1.86890677E+01,  0.00000000E+00
9.66500000E+09, -1.83307068E+01,  0.00000000E+00
9.67000000E+09, -1.79448624E+01,  0.00000000E+00
9.67500000E+09, -1.75185510E+01,  0.00000000E+00
9.68000000E+09, -1.71968206E+01,  0.00000000E+00
9.68500000E+09, -1.68825907E+01,  0.00000000E+00
9.69000000E+09, -1.66043608E+01,  0.00000000E+00
9.69500000E+09, -1.63432709E+01,  0.00000000E+00
9.70000000E+09, -1.60134725E+01,  0.00000000E+00
9.70500000E+09, -1.56096207E+01,  0.00000000E+00
9.71000000E+09, -1.53803603E+01,  0.00000000E+00
9.71500000E+09, -1.51069830E+01,  0.00000000E+00
9.72000000E+09, -1.48557201E+01,  0.00000000E+00
9.72500000E+09, -1.46417610E+01,  0.00000000E+00
9.73000000E+09, -1.43787886E+01,  0.00000000E+00
9.73500000E+09, -1.40461115E+01,  0.00000000E+00
9.74000000E+09, -1.37818138E+01,  0.00000000E+00
9.74500000E+09, -1.35473641E+01,  0.00000000E+00
9.75000000E+09, -1.31805382E+01,  0.00000000E+00
9.75500000E+09, -1.30954750E+01,  0.00000000E+00
9.76000000E+09, -1.28128672E+01,  0.00000000E+00
9.76500000E+09, -1.25834318E+01,  0.00000000E+00
9.77000000E+09, -1.22939838E+01,  0.00000000E+00
9.77500000E+09, -1.20937812E+01,  0.00000000E+00
9.78000000E+09, -1.18399706E+01,  0.00000000E+00
9.78500000E+09, -1.15827029E+01,  0.00000000E+00
9.79000000E+09, -1.13451608E+01,  0.00000000E+00
9.79500000E+09, -1.11775924E+01,  0.00000000E+00
9.80000000E+09, -1.09144523E+01,  0.00000000E+00
9.80500000E+09, -1.06708878E+01,  0.00000000E+00
9.81000000E+09, -1.05162782E+01,  0.00000000E+00
9.81500000E+09, -1.02808047E+01,  0.00000000E+00
9.82000000E+09, -1.00945948E+01,  0.00000000E+00
9.82500000E+09, -9.81105362E+00,  0.00000000E+00
9.83000000E+09, -9.62676671E+00,  0.00000000E+00
9.83500000E+09, -9.43122158E+00,  0.00000000E+00
9.84000000E+09, -9.22718184E+00,  0.00000000E+00
9.84500000E+09, -9.06626933E+00,  0.00000000E+00
9.85000000E+09, -8.82616850E+00,  0.00000000E+00
9.85500000E+09, -8.64186362E+00,  0.00000000E+00
9.86000000E+09, -8.39580546E+00,  0.00000000E+00
9.86500000E+09, -8.24656398E+00,  0.00000000E+00
9.87000000E+09, -7.99204322E+00,  0.00000000E+00
9.87500000E+09, -7.73230565E+00,  0.00000000E+00
9.88000000E+09, -7.58430214E+00,  0.00000000E+00
9.88500000E+09, -7.38685186E+00,  0.00000000E+00
9.89000000E+09, -7.22964193E+00,  0.00000000E+00
9.89500000E+09, -7.01707695E+00,  0.00000000E+00
9.90000000E+09, -6.88493621E+00,  0.00000000E+00
9.90500000E+09, -6.58956885E+00,  0.00000000E+00
9.91000000E+09, -6.41494692E+00,  0.00000000E+00
9.91500000E+09, -6.27887586E+00,  0.00000000E+00
9.92000000E+09, -6.07334750E+00,  0.00000000E+00
9.92500000E+09, -5.89277828E+00,  0.00000000E+00
9.93000000E+09, -5.66315055E+00,  0.00000000E+00
9.93500000E+09, -5.54760676E+00,  0.00000000E+00
9.94000000E+09, -5.36208870E+00,  0.00000000E+00
9.94500000E+09, -5.26597096E+00,  0.00000000E+00
9.95000000E+09, -4.92829394E+00,  0.00000000E+00
9.95500000E+09, -4.79988681E+00,  0.00000000E+00
9.96000000E+09, -4.61713873E+00,  0.00000000E+00
9.96500000E+09, -4.44639219E+00,  0.00000000E+00
9.97000000E+09, -4.24024473E+00,  0.00000000E+00
9.97500000E+09, -4.08657830E+00,  0.00000000E+00
9.98000000E+09, -3.94874652E+00,  0.00000000E+00
9.98500000E+09, -3.83094521E+00,  0.00000000E+00
9.99000000E+09, -3.71577922E+00,  0.00000000E+00
9.99500000E+09, -3.51241989E+00,  0.00000000E+00
1.00000000E+10, -3.31507874E+00,  0.00000000E+00
1.00050000E+10, -3.22953268E+00,  0.00000000E+00
1.00100000E+10, -3.08134483E+00,  0.00000000E+00
1.00150000E+10, -2.92770488E+00,  0.00000000E+00
1.00200000E+10, -2.87759136E+00,  0.00000000E+00
1.00250000E+10, -2.74307712E+00,  0.00000000E+00
1.00300000E+10, -2.60313572E+00,  0.00000000E+00
1.00350000E+10, -2.43905473E+00,  0.00000000E+00
1.00400000E+10, -2.37503682E+00,  0.00000000E+00
1.00450000E+10, -2.20171713E+00,  0.00000000E+00
1.00500000E+10, -2.16250345E+00,  0.00000000E+00
1.00550000E+10, -2.07389813E+00,  0.00000000E+00
1.00600000E+10, -1.92569416E+00,  0.00000000E+00
1.00650000E+10, -1.98715703E+00,  0.00000000E+00
1.00700000E+10, -1.95670832E+00,  0.00000000E+00
1.00750000E+10, -1.86535934E+00,  0.00000000E+00
1.00800000E+10, -1.65290249E+00,  0.00000000E+00
1.00850000E+10, -1.65935034E+00,  0.00000000E+00
1.00900000E+10, -1.65649472E+00,  0.00000000E+00
1.00950000E+10, -1.64926295E+00,  0.00000000E+00
1.01000000E+10, -1.61186346E+00,  0.00000000E+00
1.01050000E+10, -1.64028719E+00,  0.00000000E+00
1.01100000E+10, -1.47539732E+00,  0.00000000E+00
1.01150000E+10, -1.46735603E+00,  0.00000000E+00
1.01200000E+10, -1.49472724E+00,  0.00000000E+00
1.01250000E+10, -1.55346809E+00,  0.00000000E+00
1.01300000E+10, -1.50605551E+00,  0.00000000E+00
1.01350000E+10, -1.49574704E+00,  0.00000000E+00
1.01400000E+10, -1.51740253E+00,  0.00000000E+00
1.01450000E+10, -1.50112136E+00,  0.00000000E+00
1.01500000E+10, -1.56576716E+00,  0.00000000E+00
1.01550000E+10, -1.57923484E+00,  0.00000000E+00
1.01600000E+10, -1.53342304E+00,  0.00000000E+00
1.01650000E+10, -1.62239152E+00,  0.00000000E+00
1.01700000E+10, -1.75554993E+00,  0.00000000E+00
1.01750000E+10, -1.68006777E+00,  0.00000000E+00
1.01800000E+10, -1.71249160E+00,  0.00000000E+00
1.01850000E+10, -1.78500700E+00,  0.00000000E+00
1.01900000E+10, -1.83270011E+00,  0.00000000E+00
1.01950000E+10, -1.86024294E+00,  0.00000000E+00
1.02000000E+10, -1.91947195E+00,  0.00000000E+00
1.02050000E+10, -2.00044803E+00,  0.00000000E+00
1.02100000E+10, -1.93894326E+00,  0.00000000E+00
1.02150000E+10, -2.13006840E+00,  0.00000000E+00
1.02200000E+10, -2.13497658E+00,  0.00000000E+00
1.02250000E+10, -2.16116712E+00,  0.00000000E+00
1.02300000E+10, -2.21957066E+00,  0.00000000E+00
1.02350000E+10, -2.25780089E+00,  0.00000000E+00
1.02400000E+10, -2.39343073E+00,  0.00000000E+00
1.02450000E+10, -2.53701239E+00,  0.00000000E+00
1.02500000E+10, -2.41360864E+00,  0.00000000E+00
1.02550000E+10, -2.57416190E+00,  0.00000000E+00
1.02600000E+10, -2.58052012E+00,  0.00000000E+00
1.02650000E+10, -2.66130206E+00,  0.00000000E+00
1.02700000E+10, -2.65048820E+00,  0.00000000E+00
1.02750000E+10, -2.77838166E+00,  0.00000000E+00
1.02800000E+10, -2.80839905E+00,  0.00000000E+00
1.02850000E+10, -2.91657830E+00,  0.00000000E+00
1.02900000E+10, -2.96293658E+00,  0.00000000E+00
1.02950000E+10, -2.99860906E+00,  0.00000000E+00
1.03000000E+10, -3.02652855E+00,  0.00000000E+00
1.03050000E+10, -3.10061087E+00,  0.00000000E+00
1.03100000E+10, -3.16861969E+00,  0.00000000E+00
1.03150000E+10, -3.20904427E+00,  0.00000000E+00
1.03200000E+10, -3.30438692E+00,  0.00000000E+00
1.03250000E+10, -3.26476821E+00,  0.00000000E+00
1.03300000E+10, -3.30472234E+00,  0.00000000E+00
1.03350000E+10, -3.41494845E+00,  0.00000000E+00
1.03400000E+10, -3.40844432E+00,  0.00000000E+00
1.03450000E+10, -3.50002890E+00,  0.00000000E+00
1.03500000E+10, -3.51680963E+00,  0.00000000E+00
1.03550000E+10, -3.52315005E+00,  0.00000000E+00
1.03600000E+10, -3.64923770E+00,  0.00000000E+00
1.03650000E+10, -3.68369478E+00,  0.00000000E+00
1.03700000E+10, -3.73297967E+00,  0.00000000E+00
1.03750000E+10, -3.74872705E+00,  0.00000000E+00
1.03800000E+10, -3.77973809E+00,  0.00000000E+00
1.03850000E+10, -3.80410678E+00,  0.00000000E+00
1.03900000E+10, -3.93294322E+00,  0.00000000E+00
1.03950000E+10, -3.93437797E+00,  0.00000000E+00
1.04000000E+10, -4.05047641E+00,  0.00000000E+00
1.04050000E+10, -4.09917497E+00,  0.00000000E+00
1.04100000E+10, -4.07498759E+00,  0.00000000E+00
1.04150000E+10, -4.04061411E+00,  0.00000000E+00
1.04200000E+10, -4.12310949E+00,  0.00000000E+00
1.04250000E+10, -4.20927319E+00,  0.00000000E+00
1.04300000E+10, -4.12470402E+00,  0.00000000E+00
1.04350000E+10, -4.29061118E+00,  0.00000000E+00
1.04400000E+10, -4.27499927E+00,  0.00000000E+00
1.04450000E+10, -4.40970320E+00,  0.00000000E+00
1.04500000E+10, -4.45664994E+00,  0.00000000E+00
1.04550000E+10, -4.45352708E+00,  0.00000000E+00
1.04600000E+10, -4.47417141E+00,  0.00000000E+00
1.04650000E+10, -4.51168179E+00,  0.00000000E+00
1.04700000E+10, -4.53164848E+00,  0.00000000E+00
1.04750000E+10, -4.58108017E+00,  0.00000000E+00
1.04800000E+10, -4.59979854E+00,  0.00000000E+00
1.04850000E+10, -4.71353331E+00,  0.00000000E+00
1.04900000E+10, -4.62958418E+00,  0.00000000E+00
1.04950000E+10, -4.75388182E+00,  0.00000000E+00
1.05000000E+10, -4.72147731E+00,  0.00000000E+00
1.05050000E+10, -4.78427936E+00,  0.00000000E+00
1.05100000E+10, -4.82662478E+00,  0.00000000E+00
1.05150000E+10, -4.90966014E+00,  0.00000000E+00
1.05200000E+10, -4.91720757E+00,  0.00000000E+00
1.05250000E+10, -4.95721325E+00,  0.00000000E+00
1.05300000E+10, -4.98574725E+00,  0.00000000E+00
1.05350000E+10, -5.07722923E+00,  0.00000000E+00
1.05400000E+10, -5.08798754E+00,  0.00000000E+00
1.05450000E+10, -5.07908853E+00,  0.00000000E+00
1.05500000E+10, -5.14141520E+00,  0.00000000E+00
1.05550000E+10, -5.15383535E+00,  0.00000000E+00
1.05600000E+10, -5.31163901E+00,  0.00000000E+00
1.05650000E+10, -5.28730984E+00,  0.00000000E+00
1.05700000E+10, -5.39285306E+00,  0.00000000E+00
1.05750000E+10, -5.40606118E+00,  0.00000000E+00
1.05800000E+10, -5.46559450E+00,  0.00000000E+00
1.05850000E+10, -5.49309677E+00,  0.00000000E+00
1.05900000E+10, -5.55751404E+00,  0.00000000E+00
1.05950000E+10, -5.49784545E+00,  0.00000000E+00
1.06000000E+10, -5.56852476E+00,  0.00000000E+00
1.06050000E+10, -5.69772408E+00,  0.00000000E+00
1.06100000E+10, -5.70873191E+00,  0.00000000E+00
1.06150000E+10, -5.73376457E+00,  0.00000000E+00
1.06200000E+10, -5.82142904E+00,  0.00000000E+00
1.06250000E+10, -6.00373887E+00,  0.00000000E+00
1.06300000E+10, -6.12263385E+00,  0.00000000E+00
1.06350000E+10, -5.91387081E+00,  0.00000000E+00
1.06400000E+10, -6.02306174E+00,  0.00000000E+00
1.06450000E+10, -6.05375598E+00,  0.00000000E+00
1.06500000E+10, -6.15427112E+00,  0.00000000E+00
1.06550000E+10, -6.08646127E+00,  0.00000000E+00
1.06600000E+10, -6.20679122E+00,  0.00000000E+00
1.06650000E+10, -6.32816181E+00,  0.00000000E+00
1.06700000E+10, -6.30717841E+00,  0.00000000E+00
1.06750000E+10, -6.40008216E+00,  0.00000000E+00
1.06800000E+10, -6.43849985E+00,  0.00000000E+00
1.06850000E+10, -6.49186631E+00,  0.00000000E+00
1.06900000E+10, -6.61882833E+00,  0.00000000E+00
1.06950000E+10, -6.58323725E+00,  0.00000000E+00
1.07000000E+10, -6.63158964E+00,  0.00000000E+00
1.07050000E+10, -6.76603815E+00,  0.00000000E+00
1.07100000E+10, -6.75157152E+00,  0.00000000E+00
1.07150000E+10, -6.78808642E+00,  0.00000000E+00
1.07200000E+10, -6.99111537E+00,  0.00000000E+00
1.07250000E+10, -6.98094983E+00,  0.00000000E+00
1.07300000E+10, -7.01813859E+00,  0.00000000E+00
1.07350000E+10, -7.09210863E+00,  0.00000000E+00
1.07400000E+10, -7.10311665E+00,  0.00000000E+00
1.07450000E+10, -7.19210950E+00,  0.00000000E+00
1.07500000E+10, -7.28547594E+00,  0.00000000E+00
1.07550000E+10, -7.26514867E+00,  0.00000000E+00
1.07600000E+10, -7.50686195E+00,  0.00000000E+00
1.07650000E+10, -7.50462517E+00,  0.00000000E+00
1.07700000E+10, -7.52823256E+00,  0.00000000E+00
1.07750000E+10, -7.61077755E+00,  0.00000000E+00
1.07800000E+10, -7.61319163E+00,  0.00000000E+00
1.07850000E+10, -7.72156168E+00,  0.00000000E+00
1.07900000E+10, -7.74167077E+00,  0.00000000E+00
1.07950000E+10, -7.75026401E+00,  0.00000000E+00
1.08000000E+10, -7.87911678E+00,  0.00000000E+00
1.08050000E+10, -7.91077577E+00,  0.00000000E+00
1.08100000E+10, -7.88481877E+00,  0.00000000E+00
1.08150000E+10, -8.04073577E+00,  0.00000000E+00
1.08200000E+10, -8.11336417E+00,  0.00000000E+00
1.08250000E+10, -8.09770668E+00,  0.00000000E+00
1.08300000E+10, -8.26858371E+00,  0.00000000E+00
1.08350000E+10, -8.26874857E+00,  0.00000000E+00
1.08400000E+10, -8.28470317E+00,  0.00000000E+00
1.08450000E+10, -8.32718263E+00,  0.00000000E+00
1.08500000E+10, -8.34636113E+00,  0.00000000E+00
1.08550000E+10, -8.55793951E+00,  0.00000000E+00
1.08600000E+10, -8.57071240E+00,  0.00000000E+00
1.08650000E+10, -8.66241516E+00,  0.00000000E+00
1.08700000E+10, -8.62524083E+00,  0.00000000E+00
1.08750000E+10, -8.67352842E+00,  0.00000000E+00
1.08800000E+10, -8.73578635E+00,  0.00000000E+00
1.08850000E+10, -8.78530781E+00,  0.00000000E+00
1.08900000E+10, -8.79710230E+00,  0.00000000E+00
1.08950000E+10, -8.89569680E+00,  0.00000000E+00
1.09000000E+10, -8.98386669E+00,  0.00000000E+00
1.09050000E+10, -8.96457916E+00,  0.00000000E+00
1.09100000E+10, -8.99764302E+00,  0.00000000E+00
1.09150000E+10, -9.00500727E+00,  0.00000000E+00
1.09200000E+10, -9.07683255E+00,  0.00000000E+00
1.09250000E+10, -9.24471504E+00,  0.00000000E+00
1.09300000E+10, -9.15332200E+00,  0.00000000E+00
1.09350000E+10, -9.23615722E+00,  0.00000000E+00
1.09400000E+10, -9.30385841E+00,  0.00000000E+00
1.09450000E+10, -9.26481237E+00,  0.00000000E+00
1.09500000E+10, -9.36094113E+00,  0.00000000E+00
1.09550000E+10, -9.48416298E+00,  0.00000000E+00
1.09600000E+10, -9.45251165E+00,  0.00000000E+00
1.09650000E+10, -9.52788101E+00,  0.00000000E+00
1.09700000E+10, -9.54529414E+00,  0.00000000E+00
1.09750000E+10, -9.52893879E+00,  0.00000000E+00
1.09800000E+10, -9.61619295E+00,  0.00000000E+00
1.09850000E+10, -9.61241325E+00,  0.00000000E+00
1.09900000E+10, -9.65897694E+00,  0.00000000E+00
1.09950000E+10, -9.72620637E+00,  0.00000000E+00
1.10000000E+10, -9.70955212E+00,  0.00000000E+00
1.10050000E+10, -9.77703317E+00,  0.00000000E+00
1.10100000E+10, -9.83869244E+00,  0.00000000E+00
1.10150000E+10, -9.77390230E+00,  0.00000000E+00
1.10200000E+10, -9.84905987E+00,  0.00000000E+00
1.10250000E+10, -9.93830450E+00,  0.00000000E+00
1.10300000E+10, -9.88012527E+00,  0.00000000E+00
1.10350000E+10, -9.90525705E+00,  0.00000000E+00
1.10400000E+10, -1.00060906E+01,  0.00000000E+00
1.10450000E+10, -9.94604077E+00,  0.00000000E+00
1.10500000E+10, -1.00143277E+01,  0.00000000E+00
1.10550000E+10, -1.00382320E+01,  0.00000000E+00
1.10600000E+10, -1.01183148E+01,  0.00000000E+00
1.10650000E+10, -1.01485580E+01,  0.00000000E+00
1.10700000E+10, -1.00634345E+01,  0.00000000E+00
1.10750000E+10, -1.01297659E+01,  0.00000000E+00
1.10800000E+10, -1.02773327E+01,  0.00000000E+00
1.10850000E+10, -1.01555434E+01,  0.00000000E+00
1.10900000E+10, -1.01724403E+01,  0.00000000E+00
1.10950000E+10, -1.02485305E+01,  0.00000000E+00
1.11000000E+10, -1.02622827E+01,  0.00000000E+00
1.11050000E+10, -1.02496485E+01,  0.00000000E+00
1.11100000E+10, -1.03174596E+01,  0.00000000E+00
1.11150000E+10, -1.03108720E+01,  0.00000000E+00
1.11200000E+10, -1.02264964E+01,  0.00000000E+00
1.11250000E+10, -1.03208383E+01,  0.00000000E+00
1.11300000E+10, -1.03487199E+01,  0.00000000E+00
1.11350000E+10, -1.02836154E+01,  0.00000000E+00
1.11400000E+10, -1.02421978E+01,  0.00000000E+00
1.11450000E+10, -1.03608592E+01,  0.00000000E+00
1.11500000E+10, -1.03545099E+01,  0.00000000E+00
1.11550000E+10, -1.03211163E+01,  0.00000000E+00
1.11600000E+10, -1.03395588E+01,  0.00000000E+00
1.11650000E+10, -1.04787532E+01,  0.00000000E+00
1.11700000E+10, -1.04122415E+01,  0.00000000E+00
1.11750000E+10, -1.03713935E+01,  0.00000000E+00
1.11800000E+10, -1.03634957E+01,  0.00000000E+00
1.11850000E+10, -1.04300047E+01,  0.00000000E+00
1.11900000E+10, -1.05017312E+01,  0.00000000E+00
1.11950000E+10, -1.04188922E+01,  0.00000000E+00
1.12000000E+10, -1.04198864E+01,  0.00000000E+00
1.12050000E+10, -1.03689237E+01,  0.00000000E+00
1.12100000E+10, -1.03369816E+01,  0.00000000E+00
1.12150000E+10, -1.04169969E+01,  0.00000000E+00
1.12200000E+10, -1.03428073E+01,  0.00000000E+00
1.12250000E+10, -1.03391485E+01,  0.00000000E+00
1.12300000E+10, -1.03224948E+01,  0.00000000E+00
1.12350000E+10, -1.03769663E+01,  0.00000000E+00
1.12400000E+10, -1.04477319E+01,  0.00000000E+00
1.12450000E+10, -1.04721212E+01,  0.00000000E+00
1.12500000E+10, -1.04004443E+01,  0.00000000E+00
1.12550000E+10, -1.04518910E+01,  0.00000000E+00
1.12600000E+10, -1.04398615E+01,  0.00000000E+00
1.12650000E+10, -1.03834457E+01,  0.00000000E+00
1.12700000E+10, -1.03071303E+01,  0.00000000E+00
1.12750000E+10, -1.04461102E+01,  0.00000000E+00
1.12800000E+10, -1.03981944E+01,  0.00000000E+00
1.12850000E+10, -1.03580788E+01,  0.00000000E+00
1.12900000E+10, -1.03462861E+01,  0.00000000E+00
1.12950000E+10, -1.04478776E+01,  0.00000000E+00
1.13000000E+10, -1.03530869E+01,  0.00000000E+00
1.13050000E+10, -1.03102591E+01,  0.00000000E+00
1.13100000E+10, -1.04093690E+01,  0.00000000E+00
1.13150000E+10, -1.02967376E+01,  0.00000000E+00
1.13200000E+10, -1.03643655E+01,  0.00000000E+00
1.13250000E+10, -1.02515749E+01,  0.00000000E+00
1.13300000E+10, -1.03690769E+01,  0.00000000E+00
1.13350000E+10, -1.04234254E+01,  0.00000000E+00
1.13400000E+10, -1.03203621E+01,  0.00000000E+00
1.13450000E+10, -1.03593941E+01,  0.00000000E+00
1.13500000E+10, -1.02996088E+01,  0.00000000E+00
1.13550000E+10, -1.03098698E+01,  0.00000000E+00
1.13600000E+10, -1.04511833E+01,  0.00000000E+00
1.13650000E+10, -1.03254761E+01,  0.00000000E+00
1.13700000E+10, -1.03534787E+01,  0.00000000E+00
1.13750000E+10, -1.03835919E+01,  0.00000000E+00
1.13800000E+10, -1.04579498E+01,  0.00000000E+00
1.13850000E+10, -1.03989428E+01,  0.00000000E+00
1.13900000E+10, -1.03457070E+01,  0.00000000E+00
1.13950000E+10, -1.03439369E+01,  0.00000000E+00
1.14000000E+10, -1.03983906E+01,  0.00000000E+00
1.14050000E+10, -1.05004958E+01,  0.00000000E+00
1.14100000E+10, -1.05063531E+01,  0.00000000E+00
1.14150000E+10, -1.03063443E+01,  0.00000000E+00
1.14200000E+10, -1.04762752E+01,  0.00000000E+00
1.14250000E+10, -1.05040964E+01,  0.00000000E+00
1.14300000E+10, -1.03966174E+01,  0.00000000E+00
1.14350000E+10, -1.03561918E+01,  0.00000000E+00
1.14400000E+10, -1.04951114E+01,  0.00000000E+00
1.14450000E+10, -1.04275554E+01,  0.00000000E+00
1.14500000E+10, -1.04292315E+01,  0.00000000E+00
1.14550000E+10, -1.05128164E+01,  0.00000000E+00
1.14600000E+10, -1.05032587E+01,  0.00000000E+00
1.14650000E+10, -1.05810343E+01,  0.00000000E+00
1.14700000E+10, -1.06106809E+01,  0.00000000E+00
1.14750000E+10, -1.05953819E+01,  0.00000000E+00
1.14800000E+10, -1.05908570E+01,  0.00000000E+00
1.14850000E+10, -1.05626436E+01,  0.00000000E+00
1.14900000E+10, -1.06389459E+01,  0.00000000E+00
1.14950000E+10, -1.07307898E+01,  0.00000000E+00
1.15000000E+10, -1.06969577E+01,  0.00000000E+00
1.15050000E+10, -1.07943685E+01,  0.00000000E+00
1.15100000E+10, -1.07733665E+01,  0.00000000E+00
1.15150000E+10, -1.07856403E+01,  0.00000000E+00
1.15200000E+10, -1.08216437E+01,  0.00000000E+00
1.15250000E+10, -1.08189373E+01,  0.00000000E+00
1.15300000E+10, -1.08913682E+01,  0.00000000E+00
1.15350000E+10, -1.10229907E+01,  0.00000000E+00
1.15400000E+10, -1.10359800E+01,  0.00000000E+00
1.15450000E+10, -1.10065112E+01,  0.00000000E+00
1.15500000E+10, -1.10632212E+01,  0.00000000E+00
1.15550000E+10, -1.10620237E+01,  0.00000000E+00
1.15600000E+10, -1.10627329E+01,  0.00000000E+00
1.15650000E+10, -1.11600742E+01,  0.00000000E+00
1.15700000E+10, -1.12278422E+01,  0.00000000E+00
1.15750000E+10, -1.13101329E+01,  0.00000000E+00
1.15800000E+10, -1.12980965E+01,  0.00000000E+00
1.15850000E+10, -1.13770214E+01,  0.00000000E+00
1.15900000E+10, -1.13817391E+01,  0.00000000E+00
1.15950000E+10, -1.14675429E+01,  0.00000000E+00
1.16000000E+10, -1.15221893E+01,  0.00000000E+00
1.16050000E+10, -1.14866522E+01,  0.00000000E+00
1.16100000E+10, -1.15613492E+01,  0.00000000E+00
1.16150000E+10, -1.17083271E+01,  0.00000000E+00
1.16200000E+10, -1.18186750E+01,  0.00000000E+00
1.16250000E+10, -1.17816086E+01,  0.00000000E+00
1.16300000E+10, -1.18569875E+01,  0.00000000E+00
1.16350000E+10, -1.19081606E+01,  0.00000000E+00
1.16400000E+10, -1.19414300E+01,  0.00000000E+00
1.16450000E+10, -1.19910998E+01,  0.00000000E+00
1.16500000E+10, -1.19664110E+01,  0.00000000E+00
1.16550000E+10, -1.21980896E+01,  0.00000000E+00
1.16600000E+10, -1.20756582E+01,  0.00000000E+00
1.16650000E+10, -1.20952140E+01,  0.00000000E+00
1.16700000E+10, -1.22213809E+01,  0.00000000E+00
1.16750000E+10, -1.22383806E+01,  0.00000000E+00
1.16800000E+10, -1.22838497E+01,  0.00000000E+00
1.16850000E+10, -1.24267852E+01,  0.00000000E+00
1.16900000E+10, -1.23856174E+01,  0.00000000E+00
1.16950000E+10, -1.23284423E+01,  0.00000000E+00
1.17000000E+10, -1.24134168E+01,  0.00000000E+00
1.17050000E+10, -1.24529623E+01,  0.00000000E+00
1.17100000E+10, -1.25141318E+01,  0.00000000E+00
1.17150000E+10, -1.26173370E+01,  0.00000000E+00
1.17200000E+10, -1.27517254E+01,  0.00000000E+00
1.17250000E+10, -1.28725983E+01,  0.00000000E+00
1.17300000E+10, -1.27799096E+01,  0.00000000E+00
1.17350000E+10, -1.28221463E+01,  0.00000000E+00
1.17400000E+10, -1.27947565E+01,  0.00000000E+00
1.17450000E+10, -1.28711051E+01,  0.00000000E+00
1.17500000E+10, -1.29319245E+01,  0.00000000E+00
1.17550000E+10, -1.29919009E+01,  0.00000000E+00
1.17600000E+10, -1.29810382E+01,  0.00000000E+00
1.17650000E+10, -1.31260630E+01,  0.00000000E+00
1.17700000E+10, -1.31453024E+01,  0.00000000E+00
1.17750000E+10, -1.31835191E+01,  0.00000000E+00
1.17800000E+10, -1.32242542E+01,  0.00000000E+00
1.17850000E+10, -1.32656045E+01,  0.00000000E+00
1.17900000E+10, -1.33596253E+01,  0.00000000E+00
1.17950000E+10, -1.33747602E+01,  0.00000000E+00
1.18000000E+10, -1.34125607E+01,  0.00000000E+00
1.18050000E+10, -1.34307433E+01,  0.00000000E+00
1.18100000E+10, -1.34369832E+01,  0.00000000E+00
1.18150000E+10, -1.34948823E+01,  0.00000000E+00
1.18200000E+10, -1.35265046E+01,  0.00000000E+00
1.18250000E+10, -1.35313014E+01,  0.00000000E+00
1.18300000E+10, -1.35532042E+01,  0.00000000E+00
1.18350000E+10, -1.36131508E+01,  0.00000000E+00
1.18400000E+10, -1.37018532E+01,  0.00000000E+00
1.18450000E+10, -1.37166037E+01,  0.00000000E+00
1.18500000E+10, -1.36409967E+01,  0.00000000E+00
1.18550000E+10, -1.37022301E+01,  0.00000000E+00
1.18600000E+10, -1.36951103E+01,  0.00000000E+00
1.18650000E+10, -1.37306566E+01,  0.00000000E+00
1.18700000E+10, -1.37504205E+01,  0.00000000E+00
1.18750000E+10, -1.38044537E+01,  0.00000000E+00
1.18800000E+10, -1.37895464E+01,  0.00000000E+00
1.18850000E+10, -1.38456946E+01,  0.00000000E+00
1.18900000E+10, -1.38420614E+01,  0.00000000E+00
1.18950000E+10, -1.38088724E+01,  0.00000000E+00
1.19000000E+10, -1.38426261E+01,  0.00000000E+00
1.19050000E+10, -1.39525339E+01,  0.00000000E+00
1.19100000E+10, -1.39561768E+01,  0.00000000E+00
1.19150000E+10, -1.39320534E+01,  0.00000000E+00
1.19200000E+10, -1.39678030E+01,  0.00000000E+00
1.19250000E+10, -1.40224628E+01,  0.00000000E+00
1.19300000E+10, -1.40847929E+01,  0.00000000E+00
1.19350000E+10, -1.40353744E+01,  0.00000000E+00
1.19400000E+10, -1.40409683E+01,  0.00000000E+00
1.19450000E+10, -1.41441891E+01,  0.00000000E+00
1.19500000E+10, -1.39696056E+01,  0.00000000E+00
1.19550000E+10, -1.40639355E+01,  0.00000000E+00
1.19600000E+10, -1.41305219E+01,  0.00000000E+00
1.19650000E+10, -1.40590866E+01,  0.00000000E+00
1.19700000E+10, -1.40527043E+01,  0.00000000E+00
1.19750000E+10, -1.42084284E+01,  0.00000000E+00
1.19800000E+10, -1.40852921E+01,  0.00000000E+00
1.19850000E+10, -1.41384467E+01,  0.00000000E+00
1.19900000E+10, -1.40177334E+01,  0.00000000E+00
1.19950000E+10, -1.42437118E+01,  0.00000000E+00
1.20000000E+10, -1.40772449E+01,  0.00000000E+00
